Workbook

Sheet Sheet1
A1: id | B1: Year | C1: Country | D1: Country_Code | E1: PPI | F1: ln_PPI | G1: Change_ln_PPI | H1: Change_PPI_ | I1: Change_PPI | J1: HCPI | K1: ln_HCPI | L1: Change_ln_HCPI | M1: Change_HCPI_ | N1: Change_HCPI | O1: SubsidiesUSD | P1: unem_percent_lf | Q1: Lending_Interest_rate_Percent | R1: change_GDP_per_capita | S1: GDP_per_capita_growthrate | T1: Money_Supply_Broad_Money_Percent
A2: 1 | B2: 2002 | C2: Lithuania | D2: LITH | E2: -2.7217638 | H2: 0.20846105 | I2: -7.1141654 | J2: 0.28150412 | K2: -1.267608 | L2: =K2 -> -1.267608 | M2: -1.0856215 | N2: 0.20846105 | O2: 3.2357337 | P2: 13.008 | Q2: 3.746735 | R2: 17.465545 | S2: 7.6118273 | T2: 26.662306
A3: 1 | B3: 2003 | C3: Lithuania | D3: LITH | E3: -0.5722965 | H3: 2.1494673 | I3: -78.973323 | J3: -1.1343091 | K3: -1.267608 | L3: =(K3-K2)/K2*100 -> 0 | M3: -1.4158132 | N3: 2.1494673 | O3: 3.1742678 | P3: 12.875 | Q3: 2.840528 | R3: 32.785365 | S3: 11.467717 | T3: 29.142147
A4: 1 | B4: 2004 | C4: Lithuania | D4: LITH | E4: 5.9350176 | F4: 1.78087 | G4: 1.78087 | H4: 6.5073141 | I4: -1137.0529 | J4: 1.1641022 | K4: 0.1519502 | L4: =(K4-K3)/K3*100 -> -111.98716 | M4: 2.2984113 | N4: 6.5073141 | O4: 3.1391517 | P4: 10.684 | Q4: 2.681834 | R4: 21.83678 | S4: 7.7730012 | T4: 31.425738
A5: 1 | B5: 2005 | C5: Lithuania | D5: LITH | E5: 11.591403 | F5: 2.450264 | G5: =(F5-F4)/F4*100 -> 37.588033 | H5: 5.6563854 | I5: 95.305285 | J5: 2.6584864 | K5: 0.9777569 | L5: =(K5-K4)/K4*100 -> 543.47194 | M5: 1.4943842 | N5: 5.6563854 | O5: 3.1687018 | P5: 8.325 | Q5: 2.428321 | R5: 17.229578 | S5: 9.5010442 | T5: 34.832401
A6: 1 | B6: 2006 | C6: Lithuania | D6: LITH | E6: 7.3577137 | F6: 1.995749 | G6: =(F6-F5)/F5*100 -> -18.549634 | H6: -4.2336893 | I6: -36.524391 | J6: 3.7391183 | K6: 1.31885 | L6: =(K6-K5)/K5*100 -> 34.885266 | M6: 1.080632 | N6: -4.2336893 | O6: 3.0995153 | P6: 5.78 | Q6: 3.108458 | R6: 17.517299 | S6: 9.142617 | T6: 38.074591
A7: 1 | B7: 2007 | C7: Lithuania | D7: LITH | E7: 6.8937721 | F7: 1.930618 | G7: =(F7-F6)/F6*100 -> -3.2634865 | H7: -0.46394157 | I7: -6.3055127 | J7: 5.7371778 | K7: 1.746967 | L7: =(K7-K6)/K6*100 -> 32.461387 | M7: 1.9980595 | N7: -0.46394157 | O7: 3.3949074 | P7: 4.25 | Q7: 5.103236 | R7: 33.093226 | S7: 12.43525 | T7: 39.155578
A8: 1 | B8: 2008 | C8: Lithuania | D8: LITH | E8: 18.178389 | F8: 2.900234 | G8: =(F8-F7)/F7*100 -> 50.223089 | H8: 11.284616 | I8: 163.69291 | J8: 10.925878 | K8: 2.391134 | L8: =(K8-K7)/K7*100 -> 36.87345 | M8: 5.1886997 | N8: 11.284616 | O8: 3.8862863 | P8: 5.826 | Q8: 6.039039 | R8: 21.647968 | S8: 3.6752409 | T8: 38.960736
A9: 1 | B9: 2009 | C9: Lithuania | D9: LITH | E9: -13.467368 | F9: 2.900234 | G9: =(F9-F8)/F8*100 -> 0 | H9: -31.645757 | I9: -174.0845 | J9: 4.4530449 | K9: 1.493588 | L9: =(K9-K8)/K8*100 -> -37.536416 | M9: -6.4728327 | N9: -31.645757 | O9: 5.2113103 | P9: 13.785 | Q9: 7.06797 | R9: -20.904792 | S9: -13.887753 | T9: 44.937759
A10: 1 | B10: 2010 | C10: Lithuania | D10: LITH | E10: 10.280289 | F10: 2.330228 | G10: =(F10-F9)/F9*100 -> -19.653793 | H10: 23.747657 | I10: -176.3348 | J10: 1.3192152 | K10: 0.277037 | L10: =(K10-K9)/K9*100 -> -81.451578 | M10: -3.1338297 | N10: 23.747657 | O10: 4.5064588 | P10: 17.814 | Q10: 1.804456 | R10: 1.4105017 | S10: 3.8053156 | T10: 46.073512
A11: 1 | B11: 2011 | C11: Lithuania | D11: LITH | E11: 13.886798 | F11: 2.630939 | G11: =(F11-F10)/F10*100 -> 12.904789 | H11: 3.6065092 | I11: 35.081789 | J11: 4.1302795 | K11: 1.418345 | L11: =(K11-K10)/K10*100 -> 411.96952 | M11: 2.8110644 | N11: 3.6065092 | O11: 3.9738308 | P11: 15.39 | Q11: 1.672635 | R11: 19.932745 | S11: 8.4611091 | T11: 44.845567
A12: 1 | B12: 2012 | C12: Lithuania | D12: LITH | E12: 5.0139475 | F12: 1.612224 | G12: =(F12-F11)/F11*100 -> -38.720586 | H12: -8.8728504 | I12: -63.894142 | J12: 3.0899796 | K12: 1.128165 | L12: =(K12-K11)/K11*100 -> -20.459056 | M12: -1.0402999 | N12: -8.8728504 | O12: 3.751264 | P12: 13.365 | Q12: 1.081989 | R12: -0.064258698 | S12: 5.2460025 | T12: 44.59623
A13: 1 | B13: 2013 | C13: Lithuania | D13: LITH | E13: -2.3628097 | F13: 1.612224 | G13: =(F13-F12)/F12*100 -> 0 | H13: -7.3767571 | I13: -147.12474 | J13: 1.0474806 | K13: 0.0463878 | L13: =(K13-K12)/K12*100 -> -95.888208 | M13: -2.0424991 | N13: -7.3767571 | O13: 3.5633917 | P13: 11.77 | Q13: 0.5098846 | R13: 9.4791939 | S13: 4.6033277 | T13: 44.588754
A14: 1 | B14: 2014 | C14: Lithuania | D14: LITH | E14: -4.9330568 | F14: 1.612224 | G14: =(F14-F13)/F13*100 -> 0 | H14: -2.5702472 | I14: 108.77927 | J14: 0.10375911 | K14: -2.265683 | L14: =(K14-K13)/K13*100 -> -4984.2217 | M14: -0.94372147 | N14: -2.5702472 | O14: 3.5002841 | P14: 10.698 | Q14: 0.3267963 | R14: 5.2217666 | S14: 4.4310877 | T14: 43.932235
A15: 1 | B15: 2015 | C15: Lithuania | D15: LITH | E15: -9.6174126 | F15: 1.612224 | G15: =(F15-F14)/F14*100 -> 0 | H15: -4.6843557 | I15: 94.958479 | J15: -0.8840971 | K15: -2.265683 | L15: =(K15-K14)/K14*100 -> 0 | M15: -0.98785621 | N15: -4.6843557 | O15: 12.380762 | P15: 9.12 | Q15: -0.0193757 | R15: -13.818205 | S15: 2.988913 | T15: 55.593598
A16: 1 | B16: 2016 | C16: Lithuania | D16: LITH | E16: -4.3746347 | F16: 1.612224 | G16: =(F16-F15)/F15*100 -> 0 | H16: 5.2427778 | I16: -54.513392 | J16: 0.90552527 | K16: -0.0992401 | L16: =(K16-K15)/K15*100 -> -95.619859 | M16: 1.7896224 | N16: 5.2427778 | O16: 12.535279 | P16: 7.862 | Q16: -0.2636957 | R16: 5.2183856 | S16: 3.8298413 | T16: 56.390142
... A21: 1 | B21: 2021 | C21: Lithuania | D21: LITH | E21: 9.6195324 | F21: 2.263796 | G21: =(F21-F20)/F20*100 -> 31.088871 | H21: 18.499687 | I21: -208.32618 | J21: 4.683544 | K21: 1.544055 | L21: =(K21-K20)/K20*100 -> 747.29435 | M21: 3.4836496 | N21: 18.499687 | O21: 15.835379 | P21: 7.112 | Q21: -0.5487563 | R21: 17.013956 | S21: 6.0587709 | T21: 71.937553
A22: 2 | B22: 2002 | C22: Morocco | D22: MOR | F22: 2.263796 | G22: =(F22-F21)/F21*100 -> 0 | J22: 2.779 | K22: 1.022091 | L22: =(K22-K21)/K21*100 -> -33.804754 | M22: 2.1660001 | N22: 353.34423 | O22: 4.9013656 | P22: 11.59 | R22: 6.0068048 | S22: 2.3798602 | T22: 73.528639
A23: 2 | B23: 2003 | C23: Morocco | D23: MOR | F23: 2.263796 | G23: =(F23-F22)/F22*100 -> 0 | J23: 1.163 | K23: 0.1510029 | L23: =(K23-K22)/K22*100 -> -85.226081 | M23: -1.6160001 | N23: -58.150415 | O23: 3.9513315 | P23: 11.92 | R23: 21.729372 | S23: 4.849034 | T23: 74.065192
A24: 2 | B24: 2004 | C24: Morocco | D24: MOR | F24: 2.263796 | G24: =(F24-F23)/F23*100 -> 0 | J24: 1.493 | K24: 0.4007875 | L24: =(K24-K23)/K23*100 -> 165.41709 | M24: 0.33000004 | N24: 28.374897 | O24: 5.5146019 | P24: 10.83 | R24: 12.484368 | S24: 3.2424852 | T24: 76.049562
A25: 2 | B25: 2005 | C25: Morocco | D25: MOR | E25: 9.1169796 | F25: 2.210139 | G25: =(F25-F24)/F24*100 -> -2.3702224 | H25: 9.1169796 | I25: 9.1 | J25: 0.98299998 | K25: -0.0171462 | L25: =(K25-K24)/K24*100 -> -104.27813 | M25: -0.51000005 | N25: -34.159413 | O25: 6.1842119 | P25: 11.01 | R25: 2.7448515 | S25: 1.8077512 | T25: 83.319182
A26: 2 | B26: 2006 | C26: Morocco | D26: MOR | E26: 5.9344316 | F26: 1.780771 | G26: =(F26-F25)/F25*100 -> -19.427194 | H26: -3.182548 | I26: -34.907921 | J26: 3.2850001 | K26: 1.189367 | L26: =(K26-K25)/K25*100 -> -7036.6215 | M26: 2.3020001 | N26: 234.18109 | O26: 4.7798287 | P26: 9.67 | R26: 8.7432319 | S26: 6.3544107 | T26: 89.978555
A27: 2 | B27: 2007 | C27: Morocco | D27: MOR | E27: 1.7628622 | F27: 0.5669388 | G27: =(F27-F26)/F26*100 -> -68.163296 | H27: -4.1715693 | I27: -70.294338 | J27: 2.036 | K27: 0.7109871 | L27: =(K27-K26)/K26*100 -> -40.221387 | M27: -1.2490001 | N27: -38.02131 | O27: 5.6567627 | P27: 9.56 | R27: 13.07781 | S27: 2.0846446 | T27: 99.105585
A28: 2 | B28: 2008 | C28: Morocco | D28: MOR | E28: 17.958426 | F28: 2.888059 | G28: =(F28-F27)/F27*100 -> 409.41283 | H28: 16.195563 | I28: 918.70841 | J28: 3.891 | K28: 1.358666 | L28: =(K28-K27)/K27*100 -> 91.095732 | M28: 1.855 | N28: 91.11002 | O28: 7.0070275 | P28: 9.57 | R28: 15.582736 | S28: 4.3081123 | T28: 101.36158
A29: 2 | B29: 2009 | C29: Morocco | D29: MOR | E29: -15.099265 | F29: 2.888059 | G29: =(F29-F28)/F28*100 -> 0 | H29: -33.057691 | I29: -184.079 | J29: 0.972 | K29: -0.0283995 | L29: =(K29-K28)/K28*100 -> -102.09025 | M29: -2.919 | N29: -75.019275 | O29: 5.2518436 | P29: 8.96 | R29: -1.9504945 | S29: 2.3939134 | T29: 105.02313
A30: 2 | B30: 2010 | C30: Morocco | D30: MOR | E30: 6.4129667 | F30: 1.858322 | G30: =(F30-F29)/F29*100 -> -35.654985 | H30: 21.512232 | I30: -142.47205 | J30: 1.0014015 | K30: 0.0014006 | L30: =(K30-K29)/K29*100 -> -104.93178 | M30: 0.029401541 | N30: 3.0248499 | O30: 6.4304463 | P30: 9.09 | Q30: 6.34 | R30: -1.6128131 | S30: 2.1227068 | T30: 105.04903
A31: 2 | B31: 2011 | C31: Morocco | D31: MOR | E31: 12.748593 | F31: 2.545421 | G31: =(F31-F30)/F30*100 -> 36.974163 | H31: 6.3356266 | I31: 98.794004 | J31: 0.89923769 | K31: -0.1062079 | L31: =(K31-K30)/K30*100 -> -7683.0287 | M31: -0.10216385 | N31: -10.202086 | O31: 8.7075088 | P31: 8.91 | Q31: 6.35 | R31: 7.6470877 | S31: 4.0847613 | T31: 106.59697
A32: 2 | B32: 2012 | C32: Morocco | D32: MOR | E32: 2.9085972 | F32: 1.067671 | G32: =(F32-F31)/F31*100 -> -58.055229 | H32: -9.8399961 | I32: -77.184956 | J32: 1.2949398 | K32: 0.2584642 | L32: =(K32-K31)/K31*100 -> -343.35685 | M32: 0.39570206 | N32: 44.004168 | O32: 9.7958893 | P32: 8.99 | Q32: 6.3 | R32: -4.1922922 | S32: 1.6440067 | T32: 107.52924
A33: 2 | B33: 2013 | C33: Morocco | D33: MOR | E33: -1.8744966 | F33: 1.067671 | G33: =(F33-F32)/F32*100 -> 0 | H33: -4.7830938 | I33: -164.44676 | J33: 1.8950205 | K33: 0.6392297 | L33: =(K33-K32)/K32*100 -> 147.31847 | M33: 0.60008073 | N33: 46.340436 | O33: 8.1580143 | P33: 9.23 | Q33: 6.23 | R33: 6.7521682 | S33: 2.6996346 | T33: 105.13636
A34: 2 | B34: 2014 | C34: Morocco | D34: MOR | E34: -2.8281462 | F34: 1.067671 | G34: =(F34-F33)/F33*100 -> 0 | H34: -0.95364964 | I34: 50.874974 | J34: 0.42066962 | K34: -0.8659075 | L34: =(K34-K33)/K33*100 -> -235.46109 | M34: -1.4743509 | N34: -77.801316 | O34: 7.3923518 | P34: 9.7 | Q34: 6 | R34: 1.5659103 | S34: 1.3576132 | T34: 108.46499
A35: 2 | B35: 2015 | C35: Morocco | D35: MOR | E35: -4.5768704 | F35: 1.067671 | G35: =(F35-F34)/F34*100 -> 0 | H35: -1.7487242 | I35: 61.832879 | J35: 1.5653653 | K35: 0.4481192 | L35: =(K35-K34)/K34*100 -> -151.75139 | M35: 1.1446957 | N35: 272.11276 | O35: 5.6801706 | P35: 9.46 | Q35: 5.73 | R35: -8.4915677 | S35: 3.0224299 | T35: 106.48535
A36: 2 | B36: 2016 | C36: Morocco | D36: MOR | E36: 1.60953 | F36: 0.4759422 | G36: =(F36-F35)/F35*100 -> -55.422391 | H36: 6.1864004 | I36: -135.16661 | J36: 1.6497843 | K36: 0.5006446 | L36: =(K36-K35)/K35*100 -> 11.721301 | M36: 0.084419012 | N36: 5.3929272 | O36: 5.3036569 | P36: 9.3 | Q36: 5.26 | R36: -0.19992567 | S36: -0.72200265 | T36: 109.88482
A37: 2 | B37: 2017 | C37: Morocco | D37: MOR | E37: 1.6790761 | F37: 0.5182437 | G37: =(F37-F36)/F36*100 -> 8.887949 | H37: 0.069546103 | I37: 4.3208952 | J37: 0.754 | K37: -0.2823629 | L37: =(K37-K36)/K36*100 -> -156.39987 | M37: -0.89578433 | N37: -54.297056 | O37: 5.7445786 | P37: 9.229 | Q37: 5.5275 | R37: 4.9649829 | S37: 3.792277 | T37: 110.46242
A38: 2 | B38: 2018 | C38: Morocco | D38: MOR | E38: 2.6172271 | F38: 0.9621154 | G38: =(F38-F37)/F37*100 -> 85.649223 | H38: 0.938151 | I38: 55.873049 | J38: 1.79 | K38: 0.5822156 | L38: =(K38-K37)/K37*100 -> -306.19409 | M38: 1.036 | N38: 137.40053 | O38: 6.1071149 | P38: 9.282 | Q38: 5.12 | R38: 6.2085983 | S38: 1.8994459 | T38: 110.49058
A39: 2 | B39: 2019 | C39: Morocco | D39: MOR | E39: 0.50857651 | F39: -0.6761396 | G39: =(F39-F38)/F38*100 -> -170.27635 | H39: -2.1086506 | I39: -80.568117 | J39: 0.23999999 | K39: -1.427116 | L39: =(K39-K38)/K38*100 -> -345.11813 | M39: -1.55 | N39: -86.592179 | O39: 6.4576903 | P39: 9.21 | Q39: 5 | R39: 0.16921587 | S39: 1.8026572 | T39: 110.54029
A40: 2 | B40: 2020 | C40: Morocco | D40: MOR | E40: -1.8729694 | F40: -0.6761396 | G40: =(F40-F39)/F39*100 -> 0 | H40: -2.3815459 | I40: -468.27682 | J40: 0.70596866 | K40: -0.3481844 | L40: =(K40-K39)/K39*100 -> -75.602236 | M40: 0.46596867 | N40: 194.15362 | O40: 8.8683145 | P40: 11.203 | Q40: 4.55 | R40: -6.8688877 | S40: -8.1639653 | T40: 128.86315
A41: 2 | B41: 2021 | C41: Morocco | D41: MOR | E41: 5.0151976 | F41: 1.612473 | G41: =(F41-F40)/F40*100 -> -338.48226 | H41: 6.888167 | I41: -367.76719 | J41: 1.3988289 | K41: 0.3356354 | L41: =(K41-K40)/K40*100 -> -196.39588 | M41: 0.69286023 | N41: 98.143199 | O41: 7.382312 | P41: 10.539 | Q41: 4.39 | R41: 15.629644 | S41: 6.8807313 | T41: 122.43949
... A101: 5 | B101: 2021 | C101: United States | D101: US | E101: 8.9547963 | F101: 2.192189 | G101: =(F101-F100)/F100*100 -> 316.84062 | H101: 11.07799 | I101: 11.07799 | J101: 4.697859 | K101: 1.547107 | L101: =(K101-K100)/K100*100 -> 636.98399 | M101: 3.4642746 | N101: 3.4642746 | O101: 280.82996 | P101: 5.349 | Q101: 0.1141667 | R101: 10.532004 | S101: 5.7795484 | T101: 116.87242

Sheet Sheet2
A2: =LN(Sheet1!E4) -> 1.78087
A3: =LN(Sheet1!E5) -> 2.4502637
A4: =LN(Sheet1!E6) -> 1.9957492
A5: =LN(Sheet1!E7) -> 1.9306184
A6: =LN(Sheet1!E8) -> 2.9002334
A7: =LN(Sheet1!E9) -> #NUM!
A8: =LN(Sheet1!E10) -> 2.3302283
A9: =LN(Sheet1!E11) -> 2.6309386
A10: =LN(Sheet1!E12) -> 1.6122235
A11: =LN(Sheet1!E13) -> #NUM!
A12: =LN(Sheet1!E14) -> #NUM!
A13: =LN(Sheet1!E15) -> #NUM!
... A45: =LN(Sheet1!E47) -> 0.827591
